State-Name,State-Abbreviation,Metro-Name,Regular,Mid-Grade,Premium,Diesel,Currency,Unit,Date
Alaska,AK,Anchorage,3.866,4.087,4.298,4.061,U.S Dollar,US Gallon,2023-05-17
Alaska,AK,Fairbanks,3.949,4.134,4.324,4.655,U.S Dollar,US Gallon,2023-05-17
Alaska,AK,Juneau,4.175,4.106,4.32,4.438,U.S Dollar,US Gallon,2023-05-17
Alabama,AL,Anniston-Oxford,3.05,3.402,3.707,3.692,U.S Dollar,US Gallon,2023-05-17
Alabama,AL,Auburn,3.032,3.41,3.764,3.613,U.S Dollar,US Gallon,2023-05-17
Alabama,AL,Birmingham,3.08,3.475,3.849,3.827,U.S Dollar,US Gallon,2023-05-17
Alabama,AL,Daphne-Fairhope-Foley,3.121,3.535,3.888,3.663,U.S Dollar,US Gallon,2023-05-17
Alabama,AL,Decatur,3.037,3.394,3.803,3.726,U.S Dollar,US Gallon,2023-05-17
Alabama,AL,Dothan,3.138,3.503,3.87,3.733,U.S Dollar,US Gallon,2023-05-17
Alabama,AL,Florence-Muscle Shoals,3.087,3.448,3.791,3.75,U.S Dollar,US Gallon,2023-05-17
Alabama,AL,Gadsden,2.997,3.414,3.803,3.7,U.S Dollar,US Gallon,2023-05-17
Alabama,AL,Huntsville,3.098,3.434,3.781,3.783,U.S Dollar,US Gallon,2023-05-17
Alabama,AL,Mobile,3.128,3.563,3.917,3.775,U.S Dollar,US Gallon,2023-05-17
Alabama,AL,Montgomery,3.091,3.504,3.885,3.815,U.S Dollar,US Gallon,2023-05-17
Alabama,AL,Russell County,3.065,3.477,3.761,3.768,U.S Dollar,US Gallon,2023-05-17
Alabama,AL,Tuscaloosa,3.048,3.454,3.84,3.778,U.S Dollar,US Gallon,2023-05-17
Arkansas,AR,Fayetteville-Springdale-Rogers,3.142,3.456,3.789,3.672,U.S Dollar,US Gallon,2023-05-17
Arkansas,AR,Fort Smith (AR only),3.139,3.487,3.824,3.812,U.S Dollar,US Gallon,2023-05-17
Arkansas,AR,Hot Springs,3.101,3.477,3.845,3.834,U.S Dollar,US Gallon,2023-05-17
Arkansas,AR,Jonesboro,3.017,3.386,3.789,3.758,U.S Dollar,US Gallon,2023-05-17
Arkansas,AR,Little Rock-North Little Rock,3.049,3.445,3.803,3.755,U.S Dollar,US Gallon,2023-05-17
Arkansas,AR,Pine Bluff,3.062,3.552,3.928,3.576,U.S Dollar,US Gallon,2023-05-17
Arkansas,AR,Texarkana (AR only),3.128,3.488,3.889,3.657,U.S Dollar,US Gallon,2023-05-17
Arkansas,AR,West Memphis,3.074,3.462,3.973,3.461,U.S Dollar,US Gallon,2023-05-17
Arizona,AZ,East Valley,4.997,5.306,5.592,4.559,U.S Dollar,US Gallon,2023-05-17
Arizona,AZ,Flagstaff,4.339,4.57,4.777,4.697,U.S Dollar,US Gallon,2023-05-17
Arizona,AZ,Glendale,4.997,5.287,5.563,4.469,U.S Dollar,US Gallon,2023-05-17
Arizona,AZ,Lake Havasu-Kingman,4.005,4.173,4.522,4.642,U.S Dollar,US Gallon,2023-05-17
Arizona,AZ,Peoria,5.04,5.339,5.594,4.501,U.S Dollar,US Gallon,2023-05-17
Arizona,AZ,Phoenix Proper,4.995,5.306,5.588,4.523,U.S Dollar,US Gallon,2023-05-17
Arizona,AZ,Phoenix-Mesa,4.963,5.275,5.553,4.545,U.S Dollar,US Gallon,2023-05-17
Arizona,AZ,Pima County,4.675,4.988,5.249,4.522,U.S Dollar,US Gallon,2023-05-17
Arizona,AZ,Prescott,4.262,4.501,4.777,4.703,U.S Dollar,US Gallon,2023-05-17
Arizona,AZ,Scottsdale,5.107,5.426,5.689,4.712,U.S Dollar,US Gallon,2023-05-17
Arizona,AZ,Sierra Vista-Douglas,3.862,4.034,4.271,4.399,U.S Dollar,US Gallon,2023-05-17
Arizona,AZ,Tucson,4.673,4.969,5.233,4.516,U.S Dollar,US Gallon,2023-05-17
Arizona,AZ,West Valley,5.013,5.308,5.575,4.483,U.S Dollar,US Gallon,2023-05-17
Arizona,AZ,Yuma,3.936,4.277,4.52,4.591,U.S Dollar,US Gallon,2023-05-17
California,CA,Bakersfield,4.829,5.038,5.224,5.411,U.S Dollar,US Gallon,2023-05-17
California,CA,Chico-Paradise,4.539,4.735,4.871,4.76,U.S Dollar,US Gallon,2023-05-17
California,CA,El Centro,4.653,4.854,5.068,5.102,U.S Dollar,US Gallon,2023-05-17
California,CA,Fresno,4.717,4.944,5.102,5.278,U.S Dollar,US Gallon,2023-05-17
California,CA,Hanford-Corcoran,4.767,4.818,4.959,5.286,U.S Dollar,US Gallon,2023-05-17
California,CA,Los Angeles-Long Beach,4.83,5.046,5.177,5.234,U.S Dollar,US Gallon,2023-05-17
California,CA,Madera-Chowchilla,4.701,4.95,5.181,5.163,U.S Dollar,US Gallon,2023-05-17
California,CA,Merced,4.659,4.907,5.08,5.27,U.S Dollar,US Gallon,2023-05-17
California,CA,Modesto,4.541,4.776,4.957,5.236,U.S Dollar,US Gallon,2023-05-17
California,CA,Napa,4.918,5.063,5.208,5.471,U.S Dollar,US Gallon,2023-05-17
California,CA,Oakland,4.802,5.021,5.176,5.264,U.S Dollar,US Gallon,2023-05-17
California,CA,Orange County,4.789,5.003,5.12,4.974,U.S Dollar,US Gallon,2023-05-17
California,CA,Redding,4.584,4.786,4.894,4.798,U.S Dollar,US Gallon,2023-05-17
California,CA,Riverside,4.752,4.976,5.117,4.997,U.S Dollar,US Gallon,2023-05-17
California,CA,Sacramento,4.682,4.91,5.061,5.014,U.S Dollar,US Gallon,2023-05-17
California,CA,Salinas,4.953,5.159,5.324,5.525,U.S Dollar,US Gallon,2023-05-17
California,CA,San Bernardino,4.785,4.993,5.139,4.939,U.S Dollar,US Gallon,2023-05-17
California,CA,San Diego,4.817,5.044,5.185,5.005,U.S Dollar,US Gallon,2023-05-17
California,CA,San Francisco,4.943,5.133,5.297,5.278,U.S Dollar,US Gallon,2023-05-17
California,CA,San Jose,4.772,4.982,5.122,5.293,U.S Dollar,US Gallon,2023-05-17
California,CA,San Luis Obispo-Atascadero-Paso Robles,5.103,5.26,5.404,5.623,U.S Dollar,US Gallon,2023-05-17
California,CA,San Rafael,4.848,5.041,5.229,5.22,U.S Dollar,US Gallon,2023-05-17
California,CA,Santa Barbara-Santa Maria-Lompoc,4.843,5.003,5.163,5.353,U.S Dollar,US Gallon,2023-05-17
California,CA,Santa Cruz-Watsonville,4.83,5.08,5.195,5.52,U.S Dollar,US Gallon,2023-05-17
California,CA,Santa Rosa,4.931,5.14,5.28,5.245,U.S Dollar,US Gallon,2023-05-17
California,CA,Stockton-Lodi,4.585,4.806,4.972,5.078,U.S Dollar,US Gallon,2023-05-17
California,CA,Vallejo-Fairfield,4.742,4.976,5.11,5.09,U.S Dollar,US Gallon,2023-05-17
California,CA,Ventura,4.892,5.103,5.236,5.442,U.S Dollar,US Gallon,2023-05-17
California,CA,Visalia-Tulare-Porterville,4.755,4.969,5.181,5.247,U.S Dollar,US Gallon,2023-05-17
California,CA,Yolo,4.686,4.911,5.072,4.847,U.S Dollar,US Gallon,2023-05-17
California,CA,Yuba City,4.358,4.601,4.785,4.717,U.S Dollar,US Gallon,2023-05-17
Colorado,CO,Boulder-Longmont,3.307,3.692,3.976,3.95,U.S Dollar,US Gallon,2023-05-17
Colorado,CO,Colorado Springs,3.285,3.693,3.969,3.935,U.S Dollar,US Gallon,2023-05-17
Colorado,CO,Denver,3.256,3.655,3.945,3.848,U.S Dollar,US Gallon,2023-05-17
Colorado,CO,Durango,3.911,4.203,4.446,4.799,U.S Dollar,US Gallon,2023-05-17
Colorado,CO,Fort Collins-Loveland,3.383,3.757,4.062,4.003,U.S Dollar,US Gallon,2023-05-17
Colorado,CO,Glenwood Springs,3.669,4.01,4.268,4.219,U.S Dollar,US Gallon,2023-05-17
Colorado,CO,Grand Junction (CO only),3.176,3.469,3.744,4.036,U.S Dollar,US Gallon,2023-05-17
Colorado,CO,Greeley,3.231,3.616,3.897,3.888,U.S Dollar,US Gallon,2023-05-17
Colorado,CO,Pueblo,3.505,3.839,4.134,4.222,U.S Dollar,US Gallon,2023-05-17
Colorado,CO,Vail,3.755,4.085,4.424,4.141,U.S Dollar,US Gallon,2023-05-17
Connecticut,CT,Bridgeport,3.595,4.089,4.497,4.274,U.S Dollar,US Gallon,2023-05-17
Connecticut,CT,Hartford,3.479,3.973,4.376,4.189,U.S Dollar,US Gallon,2023-05-17
Connecticut,CT,Lower Fairfield County,3.585,4.064,4.477,4.273,U.S Dollar,US Gallon,2023-05-17
Connecticut,CT,New Haven-Meriden,3.518,3.997,4.378,4.231,U.S Dollar,US Gallon,2023-05-17
Connecticut,CT,New London-Norwich (CT only),3.494,4.003,4.381,4.342,U.S Dollar,US Gallon,2023-05-17
Connecticut,CT,Windham,3.555,4.003,4.377,4.236,U.S Dollar,US Gallon,2023-05-17
District of Columbia,DC,Washington (DC only),3.627,4.152,4.59,4.365,U.S Dollar,US Gallon,2023-05-17
District of Columbia,DC,Washington (Entire Metro Average),3.476,3.966,4.287,4.051,U.S Dollar,US Gallon,2023-05-17
Delaware,DE,Dover,3.426,3.791,4.065,3.799,U.S Dollar,US Gallon,2023-05-17
Delaware,DE,Milford-Seaford,3.419,3.765,4.065,3.764,U.S Dollar,US Gallon,2023-05-17
Delaware,DE,Wilmington-Newark (DE only),3.417,3.926,4.133,3.767,U.S Dollar,US Gallon,2023-05-17
Florida,FL,Bradenton-Sarasota-Venice,3.49,3.89,4.209,3.839,U.S Dollar,US Gallon,2023-05-17
Florida,FL,Crestview-Fort Walton Beach,3.162,3.54,3.894,3.671,U.S Dollar,US Gallon,2023-05-17
Florida,FL,Daytona Beach,3.459,3.861,4.201,3.835,U.S Dollar,US Gallon,2023-05-17
Florida,FL,Fort Lauderdale,3.517,3.939,4.25,3.999,U.S Dollar,US Gallon,2023-05-17
Florida,FL,Fort Myers-Cape Coral,3.475,3.881,4.209,3.863,U.S Dollar,US Gallon,2023-05-17
Florida,FL,Gainesville,3.471,3.877,4.28,3.858,U.S Dollar,US Gallon,2023-05-17
Florida,FL,Homosassa Springs,3.464,3.811,4.169,3.849,U.S Dollar,US Gallon,2023-05-17
Florida,FL,Jacksonville,3.385,3.785,4.147,3.779,U.S Dollar,US Gallon,2023-05-17
Florida,FL,Lakeland-Winter Haven,3.512,3.89,4.203,3.822,U.S Dollar,US Gallon,2023-05-17
Florida,FL,Melbourne-Titusville,3.408,3.832,4.161,3.87,U.S Dollar,US Gallon,2023-05-17
Florida,FL,Miami,3.557,3.914,4.134,3.961,U.S Dollar,US Gallon,2023-05-17
Florida,FL,Naples,3.599,3.996,4.335,3.925,U.S Dollar,US Gallon,2023-05-17
Florida,FL,Ocala,3.435,3.814,4.168,3.747,U.S Dollar,US Gallon,2023-05-17
Florida,FL,Orlando,3.437,3.826,4.125,3.782,U.S Dollar,US Gallon,2023-05-17
Florida,FL,Panama City,3.15,3.507,3.899,3.612,U.S Dollar,US Gallon,2023-05-17
Florida,FL,Pensacola,3.197,3.584,3.922,3.643,U.S Dollar,US Gallon,2023-05-17
Florida,FL,Port St. Lucie,3.5,3.908,4.245,3.976,U.S Dollar,US Gallon,2023-05-17
Florida,FL,Punta Gorda,3.402,3.828,4.146,3.847,U.S Dollar,US Gallon,2023-05-17
Florida,FL,Sebastian-Vero Beach,3.477,3.959,4.239,3.952,U.S Dollar,US Gallon,2023-05-17
Florida,FL,Sebring,3.492,3.87,4.186,3.769,U.S Dollar,US Gallon,2023-05-17
Florida,FL,Tallahassee,3.348,3.689,4.077,3.979,U.S Dollar,US Gallon,2023-05-17
Florida,FL,Tampa-St. Petersburg-Clearwater,3.435,3.843,4.165,3.794,U.S Dollar,US Gallon,2023-05-17
Florida,FL,The Villages,3.411,3.842,4.123,3.645,U.S Dollar,US Gallon,2023-05-17
Florida,FL,West Palm Beach-Boca Raton,3.688,4.132,4.441,4.055,U.S Dollar,US Gallon,2023-05-17
Georgia,GA,Albany,3.24,3.608,3.996,3.663,U.S Dollar,US Gallon,2023-05-17
Georgia,GA,Athens,3.223,3.579,3.956,3.905,U.S Dollar,US Gallon,2023-05-17
Georgia,GA,Atlanta,3.276,3.682,4.066,3.986,U.S Dollar,US Gallon,2023-05-17
Georgia,GA,Augusta-Aiken (GA only),3.288,3.73,4.104,3.862,U.S Dollar,US Gallon,2023-05-17
Georgia,GA,Brunswick,3.27,3.683,4.014,3.814,U.S Dollar,US Gallon,2023-05-17
Georgia,GA,Catoosa-Dade-Walker,3.142,3.57,3.899,3.714,U.S Dollar,US Gallon,2023-05-17
Georgia,GA,Columbus (GA only),3.206,3.576,3.934,3.651,U.S Dollar,US Gallon,2023-05-17
Georgia,GA,Dalton,3.183,3.598,3.964,3.58,U.S Dollar,US Gallon,2023-05-17
Georgia,GA,Gainesville,3.197,3.583,3.974,3.895,U.S Dollar,US Gallon,2023-05-17
Georgia,GA,Hinesville-Fort Stewart,3.323,3.655,4.176,3.9,U.S Dollar,US Gallon,2023-05-17
Georgia,GA,Macon,3.257,3.693,4.1,3.855,U.S Dollar,US Gallon,2023-05-17
Georgia,GA,Rome,3.164,3.576,3.901,3.756,U.S Dollar,US Gallon,2023-05-17
Georgia,GA,Savannah,3.366,3.781,4.124,3.876,U.S Dollar,US Gallon,2023-05-17
Georgia,GA,Valdosta,3.258,3.692,4.006,3.717,U.S Dollar,US Gallon,2023-05-17
Georgia,GA,Warner Robins,3.202,3.565,3.944,3.591,U.S Dollar,US Gallon,2023-05-17
Hawaii,HI,Hilo,4.801,5.015,5.264,5.952,U.S Dollar,US Gallon,2023-05-17
Hawaii,HI,Honolulu,4.675,4.923,5.209,5.764,U.S Dollar,US Gallon,2023-05-17
Hawaii,HI,Kahului,4.847,5.051,5.276,5.9,U.S Dollar,US Gallon,2023-05-17
Hawaii,HI,Lihue (Kauai),5.24,5.557,5.721,6.629,U.S Dollar,US Gallon,2023-05-17
Hawaii,HI,Wailuku,4.847,5.051,5.276,5.9,U.S Dollar,US Gallon,2023-05-17
Iowa,IA,Ames,3.359,3.575,4.188,3.676,U.S Dollar,US Gallon,2023-05-17
Iowa,IA,Cedar Rapids,3.358,3.689,4.148,3.89,U.S Dollar,US Gallon,2023-05-17
Iowa,IA,Council Bluffs,3.282,3.541,4.009,3.772,U.S Dollar,US Gallon,2023-05-17
Iowa,IA,Davenport-Moline-Rock Island (IA only),3.289,3.613,4.129,3.863,U.S Dollar,US Gallon,2023-05-17
Iowa,IA,Des Moines,3.315,3.588,4.045,3.618,U.S Dollar,US Gallon,2023-05-17
Iowa,IA,Dubuque,3.4,3.709,4.311,3.868,U.S Dollar,US Gallon,2023-05-17
Iowa,IA,Iowa City,3.398,3.707,4.168,3.763,U.S Dollar,US Gallon,2023-05-17
Iowa,IA,Sioux City (IA only),3.387,3.688,4.058,3.829,U.S Dollar,US Gallon,2023-05-17
Iowa,IA,Waterloo-Cedar Falls,3.38,3.572,4.135,3.915,U.S Dollar,US Gallon,2023-05-17
Idaho,ID,Boise City,3.883,4.044,4.268,3.968,U.S Dollar,US Gallon,2023-05-17
Idaho,ID,Coeur D'Alene,3.607,3.85,4.143,4.119,U.S Dollar,US Gallon,2023-05-17
Idaho,ID,Franklin,4.005,4.415,4.673,4.002,U.S Dollar,US Gallon,2023-05-17
Idaho,ID,Idaho Falls,3.515,3.768,3.998,3.982,U.S Dollar,US Gallon,2023-05-17
Idaho,ID,Lewiston,3.595,3.919,4.061,4.286,U.S Dollar,US Gallon,2023-05-17
Idaho,ID,Pocatello,3.585,3.842,4.049,3.92,U.S Dollar,US Gallon,2023-05-17
Idaho,ID,Twin Falls,3.725,3.954,4.226,4.004,U.S Dollar,US Gallon,2023-05-17
Illinois,IL,Alexander County,3.699,0,0,4.099,U.S Dollar,US Gallon,2023-05-17
Illinois,IL,Bloomington-Normal,3.604,4.052,4.39,3.818,U.S Dollar,US Gallon,2023-05-17
Illinois,IL,Carbondale-Marion,3.671,4.089,4.425,4.185,U.S Dollar,US Gallon,2023-05-17
Illinois,IL,Champaign-Urbana,3.727,4.142,4.493,3.844,U.S Dollar,US Gallon,2023-05-17
Illinois,IL,Chicago Metro,4.152,4.621,5.078,4.225,U.S Dollar,US Gallon,2023-05-17
Illinois,IL,City of Chicago,4.431,4.936,5.395,4.845,U.S Dollar,US Gallon,2023-05-17
Illinois,IL,Danville,3.747,4.133,4.461,3.96,U.S Dollar,US Gallon,2023-05-17
Illinois,IL,Davenport-Moline-Rock Island (IL only),3.773,4.23,4.597,4.271,U.S Dollar,US Gallon,2023-05-17
Illinois,IL,Decatur,3.355,3.821,4.231,3.7,U.S Dollar,US Gallon,2023-05-17
Illinois,IL,East Saint Louis,3.726,4.124,4.442,4.193,U.S Dollar,US Gallon,2023-05-17
Illinois,IL,Elgin,3.941,4.436,4.884,4.025,U.S Dollar,US Gallon,2023-05-17
Illinois,IL,Kankakee-Bradley,3.749,4.169,4.515,3.912,U.S Dollar,US Gallon,2023-05-17
Illinois,IL,Lake County,3.96,4.418,4.922,3.958,U.S Dollar,US Gallon,2023-05-17
Illinois,IL,Peoria-Pekin,3.702,4.12,4.5,4.078,U.S Dollar,US Gallon,2023-05-17
Illinois,IL,Quincy,3.732,3.995,4.332,3.967,U.S Dollar,US Gallon,2023-05-17
Illinois,IL,Rockford,3.76,4.154,4.585,3.921,U.S Dollar,US Gallon,2023-05-17
Illinois,IL,Springfield,3.582,4,4.329,3.818,U.S Dollar,US Gallon,2023-05-17
Indiana,IN,Bloomington,3.677,4.171,4.648,4.245,U.S Dollar,US Gallon,2023-05-17
Indiana,IN,Clarksville,3.496,3.928,4.253,4.164,U.S Dollar,US Gallon,2023-05-17
Indiana,IN,Columbus,3.608,4.093,4.509,4.027,U.S Dollar,US Gallon,2023-05-17
Indiana,IN,Dearborn-Franklin-Ohio-Union,3.54,4.006,4.467,4.113,U.S Dollar,US Gallon,2023-05-17
Indiana,IN,Elkhart,3.462,3.979,4.426,4.057,U.S Dollar,US Gallon,2023-05-17
Indiana,IN,Evansville,3.285,3.691,4.057,4.254,U.S Dollar,US Gallon,2023-05-17
Indiana,IN,Fort Wayne,3.512,4.024,4.5,4.06,U.S Dollar,US Gallon,2023-05-17
Indiana,IN,Gary,3.723,4.219,4.684,4.023,U.S Dollar,US Gallon,2023-05-17
Indiana,IN,Indianapolis,3.569,4.071,4.535,4.169,U.S Dollar,US Gallon,2023-05-17
Indiana,IN,Kokomo,3.578,4.056,4.489,4.194,U.S Dollar,US Gallon,2023-05-17
Indiana,IN,Lafayette,3.664,4.153,4.581,4.045,U.S Dollar,US Gallon,2023-05-17
Indiana,IN,Michigan City-La Porte,3.745,4.272,4.74,3.939,U.S Dollar,US Gallon,2023-05-17
Indiana,IN,Muncie,3.524,3.968,4.424,4.148,U.S Dollar,US Gallon,2023-05-17
Indiana,IN,South Bend,3.502,4.004,4.468,4.046,U.S Dollar,US Gallon,2023-05-17
Indiana,IN,Terre Haute,3.532,4.019,4.373,4.153,U.S Dollar,US Gallon,2023-05-17
Kansas,KS,Kansas City (KS only),3.203,3.493,3.804,3.686,U.S Dollar,US Gallon,2023-05-17
Kansas,KS,Lawrence,3.258,3.616,4.287,3.735,U.S Dollar,US Gallon,2023-05-17
Kansas,KS,Manhattan,3.336,3.672,4.036,3.609,U.S Dollar,US Gallon,2023-05-17
Kansas,KS,Topeka,3.224,3.557,3.893,3.741,U.S Dollar,US Gallon,2023-05-17
Kansas,KS,Wichita,3.111,3.349,3.602,3.564,U.S Dollar,US Gallon,2023-05-17
Kentucky,KY,Bowling Green,3.275,3.651,4.013,3.849,U.S Dollar,US Gallon,2023-05-17
Kentucky,KY,Covington,3.582,4.085,4.47,3.753,U.S Dollar,US Gallon,2023-05-17
Kentucky,KY,Elizabethtown-Fort Knox,3.04,3.419,3.832,3.707,U.S Dollar,US Gallon,2023-05-17
Kentucky,KY,Henderson,3.007,3.375,3.798,3.552,U.S Dollar,US Gallon,2023-05-17
Kentucky,KY,Hopkinsville,3.141,3.527,3.935,3.81,U.S Dollar,US Gallon,2023-05-17
Kentucky,KY,Huntington-Ashland (KY only),3.407,3.873,4.348,4.173,U.S Dollar,US Gallon,2023-05-17
Kentucky,KY,Lexington,3.327,3.744,4.136,4.005,U.S Dollar,US Gallon,2023-05-17
Kentucky,KY,Louisville (KY only),3.592,4.068,4.45,3.895,U.S Dollar,US Gallon,2023-05-17
Kentucky,KY,Owensboro,2.969,3.417,3.879,3.845,U.S Dollar,US Gallon,2023-05-17
Louisiana,LA,Alexandria,3.056,3.468,3.754,3.686,U.S Dollar,US Gallon,2023-05-17
Louisiana,LA,Baton Rouge,3.062,3.459,3.794,3.535,U.S Dollar,US Gallon,2023-05-17
Louisiana,LA,Hammond,3.067,3.497,3.863,3.543,U.S Dollar,US Gallon,2023-05-17
Louisiana,LA,Houma-Thibodaux,3.132,3.462,3.862,3.626,U.S Dollar,US Gallon,2023-05-17
Louisiana,LA,Lafayette,3.08,3.439,3.831,3.59,U.S Dollar,US Gallon,2023-05-17
Louisiana,LA,Lake Charles,3.108,3.514,3.873,3.668,U.S Dollar,US Gallon,2023-05-17
Louisiana,LA,Monroe,2.952,3.322,3.703,3.444,U.S Dollar,US Gallon,2023-05-17
Louisiana,LA,New Orleans,3.089,3.547,3.897,3.822,U.S Dollar,US Gallon,2023-05-17
Louisiana,LA,Shreveport-Bossier City,3.063,3.41,3.767,3.427,U.S Dollar,US Gallon,2023-05-17
Massachusetts,MA,Barnstable-Yarmouth,3.506,4.059,4.403,4.597,U.S Dollar,US Gallon,2023-05-17
Massachusetts,MA,Boston (MA only),3.457,4.006,4.35,4.365,U.S Dollar,US Gallon,2023-05-17
Massachusetts,MA,Cambridge-Newton-Framingham,3.48,4.028,4.364,4.474,U.S Dollar,US Gallon,2023-05-17
Massachusetts,MA,Pittsfield,3.415,4.035,4.301,4.452,U.S Dollar,US Gallon,2023-05-17
Massachusetts,MA,Seekonk,3.346,3.834,4.168,4.172,U.S Dollar,US Gallon,2023-05-17
Massachusetts,MA,Springfield,3.361,3.835,4.168,4.118,U.S Dollar,US Gallon,2023-05-17
Massachusetts,MA,Worcester,3.404,3.95,4.313,4.292,U.S Dollar,US Gallon,2023-05-17
Maryland,MD,Annapolis,3.444,3.978,4.19,3.815,U.S Dollar,US Gallon,2023-05-17
Maryland,MD,Baltimore,3.445,3.902,4.144,3.807,U.S Dollar,US Gallon,2023-05-17
Maryland,MD,Bowie-St. Charles,3.455,4.106,4.3,3.909,U.S Dollar,US Gallon,2023-05-17
Maryland,MD,Cumberland (MD Only),3.375,3.721,4.001,4.25,U.S Dollar,US Gallon,2023-05-17
Maryland,MD,Frederick,3.376,3.75,3.993,3.841,U.S Dollar,US Gallon,2023-05-17
Maryland,MD,Hagerstown,3.377,3.722,4.015,4.1,U.S Dollar,US Gallon,2023-05-17
Maryland,MD,Salisbury,3.436,3.825,4.052,3.806,U.S Dollar,US Gallon,2023-05-17
Maryland,MD,Washington (MD only),3.506,4.05,4.312,4.015,U.S Dollar,US Gallon,2023-05-17
Maine,ME,Bangor,3.458,3.826,4.316,4.483,U.S Dollar,US Gallon,2023-05-17
Maine,ME,Lewiston-Auburn,3.467,3.881,4.252,4.519,U.S Dollar,US Gallon,2023-05-17
Maine,ME,Portland,3.449,3.883,4.24,4.486,U.S Dollar,US Gallon,2023-05-17
Michigan,MI,Ann Arbor,3.59,3.97,4.456,4.162,U.S Dollar,US Gallon,2023-05-17
Michigan,MI,Benton Harbor,3.43,3.82,4.301,3.916,U.S Dollar,US Gallon,2023-05-17
Michigan,MI,Flint,3.572,3.845,4.36,3.95,U.S Dollar,US Gallon,2023-05-17
Michigan,MI,Grand Rapids-Muskegon-Holland,3.535,3.858,4.354,3.898,U.S Dollar,US Gallon,2023-05-17
Michigan,MI,Jackson,3.638,4.029,4.489,3.984,U.S Dollar,US Gallon,2023-05-17
Michigan,MI,Lansing-East Lansing,3.556,3.887,4.421,4.068,U.S Dollar,US Gallon,2023-05-17
Michigan,MI,Marquette,3.577,4.044,4.448,4.3,U.S Dollar,US Gallon,2023-05-17
Michigan,MI,Metro Detroit,3.48,3.968,4.471,4.264,U.S Dollar,US Gallon,2023-05-17
Michigan,MI,Saginaw-Bay City-Midland,3.56,3.931,4.409,3.923,U.S Dollar,US Gallon,2023-05-17
Michigan,MI,Traverse City,3.662,4.121,4.547,4.158,U.S Dollar,US Gallon,2023-05-17
Minnesota,MN,Duluth-Superior (MN only),3.498,3.862,4.172,4.047,U.S Dollar,US Gallon,2023-05-17
Minnesota,MN,Houston County,3.437,0,4.192,3.742,U.S Dollar,US Gallon,2023-05-17
Minnesota,MN,Mankato,3.492,3.823,4.173,3.776,U.S Dollar,US Gallon,2023-05-17
Minnesota,MN,Minneapolis-St. Paul (MN only),3.475,3.794,4.157,4,U.S Dollar,US Gallon,2023-05-17
Minnesota,MN,Moorhead,3.479,3.787,4.226,3.928,U.S Dollar,US Gallon,2023-05-17
Minnesota,MN,Polk County,3.295,3.465,3.689,3.883,U.S Dollar,US Gallon,2023-05-17
Minnesota,MN,Rochester,3.471,3.73,4.215,3.932,U.S Dollar,US Gallon,2023-05-17
Minnesota,MN,St. Cloud,3.367,3.724,4.083,3.768,U.S Dollar,US Gallon,2023-05-17
Missouri,MO,Cape Girardeau,3.101,3.362,3.724,3.748,U.S Dollar,US Gallon,2023-05-17
Missouri,MO,Columbia,3.252,3.521,3.776,3.727,U.S Dollar,US Gallon,2023-05-17
Missouri,MO,Jefferson City,3.296,3.541,3.891,3.829,U.S Dollar,US Gallon,2023-05-17
Missouri,MO,Joplin,3.002,3.369,3.732,3.63,U.S Dollar,US Gallon,2023-05-17
Missouri,MO,Kansas City (MO only),3.147,3.432,3.718,3.631,U.S Dollar,US Gallon,2023-05-17
Missouri,MO,Springfield,3.07,3.466,3.791,3.659,U.S Dollar,US Gallon,2023-05-17
Missouri,MO,St. Joseph,3.169,3.495,3.742,3.58,U.S Dollar,US Gallon,2023-05-17
Missouri,MO,St. Louis (MO only),3.247,3.549,3.834,3.639,U.S Dollar,US Gallon,2023-05-17
Mississippi,MS,Biloxi-Gulfport-Pascagoula,2.907,3.249,3.6,3.535,U.S Dollar,US Gallon,2023-05-17
Mississippi,MS,Hattiesburg,2.99,3.411,3.773,3.881,U.S Dollar,US Gallon,2023-05-17
Mississippi,MS,Jackson,2.944,3.337,3.686,3.583,U.S Dollar,US Gallon,2023-05-17
Mississippi,MS,South Haven - Olive Branch,2.989,3.479,3.811,3.688,U.S Dollar,US Gallon,2023-05-17
Montana,MT,Billings,3.499,3.776,4.073,3.991,U.S Dollar,US Gallon,2023-05-17
Montana,MT,Great Falls,3.498,3.786,4.005,4.012,U.S Dollar,US Gallon,2023-05-17
Montana,MT,Missoula,3.505,3.764,3.997,4.039,U.S Dollar,US Gallon,2023-05-17
North Carolina,NC,Asheville,3.33,3.717,4.059,4.084,U.S Dollar,US Gallon,2023-05-17
North Carolina,NC,Burlington,3.289,3.687,4.027,3.909,U.S Dollar,US Gallon,2023-05-17
North Carolina,NC,Charlotte-Gastonia-Rock Hill (NC only),3.222,3.636,3.982,3.731,U.S Dollar,US Gallon,2023-05-17
North Carolina,NC,Durham-Chapel Hill,3.424,3.829,4.175,3.991,U.S Dollar,US Gallon,2023-05-17
North Carolina,NC,Fayetteville,3.183,3.542,3.953,3.681,U.S Dollar,US Gallon,2023-05-17
North Carolina,NC,Goldsboro,3.152,3.591,3.929,3.921,U.S Dollar,US Gallon,2023-05-17
North Carolina,NC,Greensboro,3.235,3.642,3.984,3.865,U.S Dollar,US Gallon,2023-05-17
North Carolina,NC,Hickory-Lenoir-Morganton,3.13,3.51,3.874,3.708,U.S Dollar,US Gallon,2023-05-17
North Carolina,NC,Jacksonville,3.174,3.539,3.905,3.771,U.S Dollar,US Gallon,2023-05-17
North Carolina,NC,New Bern,3.207,3.585,3.973,3.856,U.S Dollar,US Gallon,2023-05-17
North Carolina,NC,Norfolk-Virginia Beach-Newport News,3.13,3.499,3.826,3.668,U.S Dollar,US Gallon,2023-05-17
North Carolina,NC,Raleigh,3.299,3.698,4.022,3.952,U.S Dollar,US Gallon,2023-05-17
North Carolina,NC,Rocky Mount,3.219,3.636,3.95,3.782,U.S Dollar,US Gallon,2023-05-17
North Carolina,NC,Wilmington,3.237,3.618,4.009,3.931,U.S Dollar,US Gallon,2023-05-17
North Carolina,NC,Winston-Salem,3.197,3.6,3.951,3.829,U.S Dollar,US Gallon,2023-05-17
North Dakota,ND,Bismarck,3.399,3.553,3.97,3.914,U.S Dollar,US Gallon,2023-05-17
North Dakota,ND,Fargo-Moorhead (ND only),3.35,3.642,4.049,3.803,U.S Dollar,US Gallon,2023-05-17
North Dakota,ND,Grand Forks (ND only),3.273,3.545,3.84,3.848,U.S Dollar,US Gallon,2023-05-17
North Dakota,ND,Minot,3.368,3.667,3.974,3.975,U.S Dollar,US Gallon,2023-05-17
Nebraska,NE,Columbus,3.481,3.424,4.109,3.839,U.S Dollar,US Gallon,2023-05-17
Nebraska,NE,Grand Island,3.376,3.511,3.865,3.671,U.S Dollar,US Gallon,2023-05-17
Nebraska,NE,Kearney,3.489,3.653,4.118,3.756,U.S Dollar,US Gallon,2023-05-17
Nebraska,NE,Lincoln,3.468,3.65,4.269,3.852,U.S Dollar,US Gallon,2023-05-17
Nebraska,NE,Norfolk,3.184,3.543,4.1,3.632,U.S Dollar,US Gallon,2023-05-17
Nebraska,NE,North Platte,3.75,3.75,4.09,3.727,U.S Dollar,US Gallon,2023-05-17
Nebraska,NE,Omaha (NE only),3.121,3.398,3.875,3.692,U.S Dollar,US Gallon,2023-05-17
New Hampshire,NH,Manchester,3.358,3.861,4.252,4.355,U.S Dollar,US Gallon,2023-05-17
New Hampshire,NH,Portsmouth-Rochester (NH only),3.313,3.767,4.172,4.279,U.S Dollar,US Gallon,2023-05-17
New Jersey,NJ,Atlantic City,3.371,3.862,4.035,3.734,U.S Dollar,US Gallon,2023-05-17
New Jersey,NJ,Bergen-Passaic,3.381,3.947,4.216,3.894,U.S Dollar,US Gallon,2023-05-17
New Jersey,NJ,Cape May,3.445,3.873,4.134,3.857,U.S Dollar,US Gallon,2023-05-17
New Jersey,NJ,Middlesex-Somerset-Hunterdon,3.438,4.01,4.281,3.756,U.S Dollar,US Gallon,2023-05-17
New Jersey,NJ,Monmouth-Ocean,3.459,4.018,4.252,3.868,U.S Dollar,US Gallon,2023-05-17
New Jersey,NJ,Newark,3.454,4.024,4.327,3.933,U.S Dollar,US Gallon,2023-05-17
New Jersey,NJ,Parsippany-Troy Hills,3.391,3.947,4.188,3.914,U.S Dollar,US Gallon,2023-05-17
New Jersey,NJ,Philadelphia (NJ Only),3.345,3.821,4.014,3.731,U.S Dollar,US Gallon,2023-05-17
New Jersey,NJ,Trenton,3.446,3.904,4.232,3.85,U.S Dollar,US Gallon,2023-05-17
New Jersey,NJ,Vineland,3.393,3.795,4.015,3.823,U.S Dollar,US Gallon,2023-05-17
New Jersey,NJ,Warren County,3.336,3.858,4.132,3.721,U.S Dollar,US Gallon,2023-05-17
New Mexico,NM,Albuquerque,3.374,3.761,4.042,4.314,U.S Dollar,US Gallon,2023-05-17
New Mexico,NM,Farmington,3.817,4.113,4.332,4.707,U.S Dollar,US Gallon,2023-05-17
New Mexico,NM,Las Cruces,3.353,3.763,4.08,3.96,U.S Dollar,US Gallon,2023-05-17
New Mexico,NM,Santa Fe,3.447,3.802,4.082,4.471,U.S Dollar,US Gallon,2023-05-17
Nevada,NV,Las Vegas (NV only),4.247,4.517,4.748,4.645,U.S Dollar,US Gallon,2023-05-17
Nevada,NV,Reno,4.289,4.502,4.688,4.254,U.S Dollar,US Gallon,2023-05-17
New York,NY,Albany-Schenectady-Troy,3.685,4.13,4.526,4.624,U.S Dollar,US Gallon,2023-05-17
New York,NY,Batavia,3.634,4.179,4.425,4.686,U.S Dollar,US Gallon,2023-05-17
New York,NY,Binghamton,3.704,4.038,4.446,4.642,U.S Dollar,US Gallon,2023-05-17
New York,NY,Buffalo-Niagara Falls,3.676,4.073,4.405,4.885,U.S Dollar,US Gallon,2023-05-17
New York,NY,Dutchess-Putnam County,3.696,4.245,4.594,4.635,U.S Dollar,US Gallon,2023-05-17
New York,NY,Elmira,3.663,4.039,4.377,4.398,U.S Dollar,US Gallon,2023-05-17
New York,NY,Glens Falls,3.761,4.158,4.567,4.457,U.S Dollar,US Gallon,2023-05-17
New York,NY,Ithaca,3.698,4.025,4.41,4.96,U.S Dollar,US Gallon,2023-05-17
New York,NY,Kingston,3.623,4.046,4.423,4.324,U.S Dollar,US Gallon,2023-05-17
New York,NY,Nassau-Suffolk,3.553,4.029,4.346,4.354,U.S Dollar,US Gallon,2023-05-17
New York,NY,New York,3.659,4.089,4.439,4.689,U.S Dollar,US Gallon,2023-05-17
New York,NY,Rochester,3.727,4.149,4.497,4.955,U.S Dollar,US Gallon,2023-05-17
New York,NY,Syracuse,3.687,4.124,4.505,4.785,U.S Dollar,US Gallon,2023-05-17
New York,NY,Utica-Rome,3.674,4.129,4.532,4.879,U.S Dollar,US Gallon,2023-05-17
New York,NY,Watertown-Fort Drum,3.75,4.167,4.585,4.86,U.S Dollar,US Gallon,2023-05-17
New York,NY,White Plains,3.703,4.257,4.616,4.769,U.S Dollar,US Gallon,2023-05-17
Ohio,OH,Akron,3.595,4.003,4.423,3.91,U.S Dollar,US Gallon,2023-05-17
Ohio,OH,Belmont County,3.479,3.907,4.344,3.895,U.S Dollar,US Gallon,2023-05-17
Ohio,OH,Canton-Massillon,3.603,4.044,4.488,3.857,U.S Dollar,US Gallon,2023-05-17
Ohio,OH,Cincinnati (OH only),3.593,4.072,4.554,4.053,U.S Dollar,US Gallon,2023-05-17
Ohio,OH,Cleveland-Lorain-Elyria,3.544,4.025,4.462,4.056,U.S Dollar,US Gallon,2023-05-17
Ohio,OH,Columbus,3.596,4.039,4.457,4.014,U.S Dollar,US Gallon,2023-05-17
Ohio,OH,Dayton,3.546,4.064,4.524,4.008,U.S Dollar,US Gallon,2023-05-17
Ohio,OH,Lawerence County,3.498,4.039,4.521,4.153,U.S Dollar,US Gallon,2023-05-17
Ohio,OH,Lima,3.513,4.009,4.459,3.949,U.S Dollar,US Gallon,2023-05-17
Ohio,OH,Mansfield,3.616,4.095,4.51,3.934,U.S Dollar,US Gallon,2023-05-17
Ohio,OH,Springfield,3.558,4.053,4.465,4.023,U.S Dollar,US Gallon,2023-05-17
Ohio,OH,Steubenville-Weirton (OH only),3.55,4.005,4.404,4.064,U.S Dollar,US Gallon,2023-05-17
Ohio,OH,Toledo,3.563,4.014,4.441,3.944,U.S Dollar,US Gallon,2023-05-17
Ohio,OH,Youngstown-Warren,3.503,3.945,4.338,3.918,U.S Dollar,US Gallon,2023-05-17
Oklahoma,OK,Lawton,2.955,3.223,3.529,3.412,U.S Dollar,US Gallon,2023-05-17
Oklahoma,OK,Le Flore-Sequoyah,3.163,3.494,3.851,3.75,U.S Dollar,US Gallon,2023-05-17
Oklahoma,OK,Oklahoma City,3.223,3.64,3.826,3.629,U.S Dollar,US Gallon,2023-05-17
Oklahoma,OK,Tulsa,3.077,3.305,3.558,3.399,U.S Dollar,US Gallon,2023-05-17
Oregon,OR,Albany,3.899,4.074,4.334,3.952,U.S Dollar,US Gallon,2023-05-17
Oregon,OR,Bend,4.146,4.316,4.532,4.378,U.S Dollar,US Gallon,2023-05-17
Oregon,OR,Corvallis,3.909,4.126,4.2,4.049,U.S Dollar,US Gallon,2023-05-17
Oregon,OR,Eugene-Springfield,4.019,4.217,4.396,4.335,U.S Dollar,US Gallon,2023-05-17
Oregon,OR,Grants Pass,4.341,4.45,4.64,4.668,U.S Dollar,US Gallon,2023-05-17
Oregon,OR,Medford-Ashland,4.23,4.476,4.719,4.418,U.S Dollar,US Gallon,2023-05-17
Oregon,OR,Pendleton,3.908,4.116,4.406,3.993,U.S Dollar,US Gallon,2023-05-17
Oregon,OR,Portland-Vancouver (OR only),4.239,4.441,4.649,4.798,U.S Dollar,US Gallon,2023-05-17
Oregon,OR,Salem,4.022,4.227,4.455,4.453,U.S Dollar,US Gallon,2023-05-17
Pennsylvania,PA,Allentown-Bethlehem-Easton,3.578,3.996,4.31,4.225,U.S Dollar,US Gallon,2023-05-17
Pennsylvania,PA,Altoona,3.701,4.019,4.304,4.66,U.S Dollar,US Gallon,2023-05-17
Pennsylvania,PA,Bloomsburg-Berwick,3.645,3.961,4.334,4.392,U.S Dollar,US Gallon,2023-05-17
Pennsylvania,PA,Chambersburg-Waynesboro,3.629,3.982,4.299,4.241,U.S Dollar,US Gallon,2023-05-17
Pennsylvania,PA,East Stroudsburg,3.603,4.022,4.343,4.301,U.S Dollar,US Gallon,2023-05-17
Pennsylvania,PA,Erie,3.672,3.968,4.338,4.698,U.S Dollar,US Gallon,2023-05-17
Pennsylvania,PA,Gettysburg,3.716,4.122,4.391,4.646,U.S Dollar,US Gallon,2023-05-17
Pennsylvania,PA,Harrisburg,3.612,3.975,4.29,4.492,U.S Dollar,US Gallon,2023-05-17
Pennsylvania,PA,Johnstown,3.707,4.022,4.327,4.682,U.S Dollar,US Gallon,2023-05-17
Pennsylvania,PA,Lancaster,3.58,3.934,4.258,4.502,U.S Dollar,US Gallon,2023-05-17
Pennsylvania,PA,Lebanon,3.636,3.977,4.366,4.364,U.S Dollar,US Gallon,2023-05-17
Pennsylvania,PA,Mercer County,3.669,3.959,4.34,4.63,U.S Dollar,US Gallon,2023-05-17
Pennsylvania,PA,Philadelphia (PA only),3.624,4.09,4.304,4.268,U.S Dollar,US Gallon,2023-05-17
Pennsylvania,PA,Pittsburgh,3.777,4.155,4.488,4.721,U.S Dollar,US Gallon,2023-05-17
Pennsylvania,PA,Reading,3.615,3.982,4.264,4.231,U.S Dollar,US Gallon,2023-05-17
Pennsylvania,PA,Scranton--Wilkes-Barre--Hazleton,3.678,4.063,4.46,4.534,U.S Dollar,US Gallon,2023-05-17
Pennsylvania,PA,State College,3.672,4.031,4.307,4.583,U.S Dollar,US Gallon,2023-05-17
Pennsylvania,PA,Williamsport,3.643,4,4.373,4.523,U.S Dollar,US Gallon,2023-05-17
Pennsylvania,PA,York,3.713,4.03,4.329,4.646,U.S Dollar,US Gallon,2023-05-17
Rhode Island,RI,Providence-Fall River-Warwick (RI only),3.415,4.051,4.347,4.356,U.S Dollar,US Gallon,2023-05-17
South Carolina,SC,Aiken-Edgfield County,3.216,3.686,4.055,3.789,U.S Dollar,US Gallon,2023-05-17
South Carolina,SC,Charleston-North Charleston,3.201,3.6,3.986,3.81,U.S Dollar,US Gallon,2023-05-17
South Carolina,SC,Columbia,3.105,3.506,3.888,3.708,U.S Dollar,US Gallon,2023-05-17
South Carolina,SC,Florence,3.097,3.487,3.88,3.877,U.S Dollar,US Gallon,2023-05-17
South Carolina,SC,Greenville,3.07,3.418,3.718,3.615,U.S Dollar,US Gallon,2023-05-17
South Carolina,SC,Hilton Head-Bluffton,3.324,3.789,4.138,3.884,U.S Dollar,US Gallon,2023-05-17
South Carolina,SC,Myrtle Beach,3.073,3.457,3.794,3.693,U.S Dollar,US Gallon,2023-05-17
South Carolina,SC,Rock Hill,3.054,3.413,3.765,3.583,U.S Dollar,US Gallon,2023-05-17
South Carolina,SC,Spartanburg,3.122,3.496,3.864,3.736,U.S Dollar,US Gallon,2023-05-17
South Carolina,SC,Sumter,3.17,3.623,3.963,3.737,U.S Dollar,US Gallon,2023-05-17
South Dakota,SD,North Sioux City,3.508,3.609,4.295,3.621,U.S Dollar,US Gallon,2023-05-17
South Dakota,SD,Rapid City,3.565,3.659,4.123,4.022,U.S Dollar,US Gallon,2023-05-17
South Dakota,SD,Sioux Falls,3.341,3.629,4.124,3.772,U.S Dollar,US Gallon,2023-05-17
Tennessee,TN,Chattanooga (TN only),3.092,3.459,3.812,3.518,U.S Dollar,US Gallon,2023-05-17
Tennessee,TN,Clarksville-Hopkinsville (TN only),3.02,3.405,3.709,3.622,U.S Dollar,US Gallon,2023-05-17
Tennessee,TN,Cleveland,3.162,3.542,3.855,3.658,U.S Dollar,US Gallon,2023-05-17
Tennessee,TN,Jackson,3.102,3.545,3.92,3.897,U.S Dollar,US Gallon,2023-05-17
Tennessee,TN,Johnson City,3.087,3.425,3.759,3.747,U.S Dollar,US Gallon,2023-05-17
Tennessee,TN,Kingsport-Bristol,3.1,3.422,3.743,3.775,U.S Dollar,US Gallon,2023-05-17
Tennessee,TN,Knoxville,3.156,3.512,3.874,3.777,U.S Dollar,US Gallon,2023-05-17
Tennessee,TN,Memphis (TN only),3.146,3.607,3.959,3.986,U.S Dollar,US Gallon,2023-05-17
Tennessee,TN,Morristown,3.137,3.516,3.859,3.828,U.S Dollar,US Gallon,2023-05-17
Tennessee,TN,Nashville,3.205,3.614,3.979,3.69,U.S Dollar,US Gallon,2023-05-17
Texas,TX,Abilene,3.046,3.38,3.628,3.358,U.S Dollar,US Gallon,2023-05-17
Texas,TX,Amarillo,3.045,3.312,3.613,3.424,U.S Dollar,US Gallon,2023-05-17
Texas,TX,Austin-San Marcos,3.106,3.52,3.861,3.433,U.S Dollar,US Gallon,2023-05-17
Texas,TX,Beaumont-Port Arthur,3.037,3.428,3.861,3.509,U.S Dollar,US Gallon,2023-05-17
Texas,TX,Brownsville-Harlingen,2.913,3.265,3.609,3.256,U.S Dollar,US Gallon,2023-05-17
Texas,TX,College Station-Bryan,3.113,3.506,3.866,3.606,U.S Dollar,US Gallon,2023-05-17
Texas,TX,Corpus Christi,2.899,3.272,3.595,3.408,U.S Dollar,US Gallon,2023-05-17
Texas,TX,Dallas,3.112,3.472,3.808,3.451,U.S Dollar,US Gallon,2023-05-17
Texas,TX,El Paso,3.385,3.794,4.109,3.584,U.S Dollar,US Gallon,2023-05-17
Texas,TX,Fort Worth-Arlington,3.111,3.46,3.789,3.419,U.S Dollar,US Gallon,2023-05-17
Texas,TX,Galveston-Texas City,3.084,3.485,3.872,3.504,U.S Dollar,US Gallon,2023-05-17
Texas,TX,Houston,3.047,3.527,3.882,3.467,U.S Dollar,US Gallon,2023-05-17
Texas,TX,Killeen-Temple-Fort Hood,3.019,3.343,3.664,3.25,U.S Dollar,US Gallon,2023-05-17
Texas,TX,Laredo,2.94,3.27,3.642,3.152,U.S Dollar,US Gallon,2023-05-17
Texas,TX,Longview,3.061,3.444,3.773,3.426,U.S Dollar,US Gallon,2023-05-17
Texas,TX,Lubbock,3.007,3.35,3.624,3.371,U.S Dollar,US Gallon,2023-05-17
Texas,TX,McAllen-Edinburg-Mission,2.911,3.277,3.614,3.191,U.S Dollar,US Gallon,2023-05-17
Texas,TX,Midland,3.123,3.555,3.772,3.775,U.S Dollar,US Gallon,2023-05-17
Texas,TX,Odessa,3.048,3.447,3.702,3.593,U.S Dollar,US Gallon,2023-05-17
Texas,TX,San Angelo,2.979,3.351,3.716,3.32,U.S Dollar,US Gallon,2023-05-17
Texas,TX,San Antonio,3.046,3.428,3.755,3.317,U.S Dollar,US Gallon,2023-05-17
Texas,TX,Sherman-Denison,3.046,3.363,3.738,3.376,U.S Dollar,US Gallon,2023-05-17
Texas,TX,Texarkana (TX only),3.116,3.429,3.775,3.592,U.S Dollar,US Gallon,2023-05-17
Texas,TX,Tyler,2.997,3.377,3.697,3.287,U.S Dollar,US Gallon,2023-05-17
Texas,TX,Victoria,2.914,3.276,3.561,3.463,U.S Dollar,US Gallon,2023-05-17
Texas,TX,Waco,3.015,3.367,3.688,3.259,U.S Dollar,US Gallon,2023-05-17
Texas,TX,Wichita Falls,3.006,3.386,3.7,3.424,U.S Dollar,US Gallon,2023-05-17
Utah,UT,Logan,4.094,4.293,4.469,3.979,U.S Dollar,US Gallon,2023-05-17
Utah,UT,Ogden,4.08,4.318,4.532,4.066,U.S Dollar,US Gallon,2023-05-17
Utah,UT,Provo-Orem,4.155,4.378,4.574,4.066,U.S Dollar,US Gallon,2023-05-17
Utah,UT,Salt Lake City,4.157,4.384,4.586,4.128,U.S Dollar,US Gallon,2023-05-17
Utah,UT,St. George,3.985,4.179,4.388,4.237,U.S Dollar,US Gallon,2023-05-17
Virginia,VA,Blacksburg-Christiansburg-Radford,3.35,3.754,4.102,3.851,U.S Dollar,US Gallon,2023-05-17
Virginia,VA,Bristol-Scott-Washington,3.278,3.593,3.889,3.889,U.S Dollar,US Gallon,2023-05-17
Virginia,VA,Charlottesville,3.307,3.676,3.989,3.923,U.S Dollar,US Gallon,2023-05-17
Virginia,VA,Fredericksburg,3.318,3.657,3.972,3.777,U.S Dollar,US Gallon,2023-05-17
Virginia,VA,Harrisonburg,3.389,3.693,4.022,3.911,U.S Dollar,US Gallon,2023-05-17
Virginia,VA,Lynchburg,3.24,3.641,3.966,3.84,U.S Dollar,US Gallon,2023-05-17
Virginia,VA,Norfolk-Virginia Beach-Newport News,3.304,3.703,4.041,3.863,U.S Dollar,US Gallon,2023-05-17
Virginia,VA,Richmond-Petersburg,3.279,3.714,4.017,3.784,U.S Dollar,US Gallon,2023-05-17
Virginia,VA,Roanoke,3.259,3.639,3.999,3.945,U.S Dollar,US Gallon,2023-05-17
Virginia,VA,Staunton-Waynesboro,3.38,3.733,4.076,3.913,U.S Dollar,US Gallon,2023-05-17
Virginia,VA,"Washington, DC, (VA Only)",3.446,3.917,4.245,4.035,U.S Dollar,US Gallon,2023-05-17
Virginia,VA,Winchester,3.278,3.608,3.916,3.866,U.S Dollar,US Gallon,2023-05-17
Vermont,VT,Burlington,3.488,3.872,4.351,3.849,U.S Dollar,US Gallon,2023-05-17
Washington,WA,Bellingham,4.523,4.742,4.843,4.724,U.S Dollar,US Gallon,2023-05-17
Washington,WA,Bremerton,4.582,4.779,4.976,4.914,U.S Dollar,US Gallon,2023-05-17
Washington,WA,Clarkson,4.019,0,4.299,4.616,U.S Dollar,US Gallon,2023-05-17
Washington,WA,Longview,4.645,4.838,4.998,4.99,U.S Dollar,US Gallon,2023-05-17
Washington,WA,Mount Vernon-Anacortes,4.415,4.612,4.796,4.613,U.S Dollar,US Gallon,2023-05-17
Washington,WA,Olympia,4.614,4.771,4.984,5.045,U.S Dollar,US Gallon,2023-05-17
Washington,WA,Richland-Kennewick-Pasco,4.42,4.662,4.87,4.856,U.S Dollar,US Gallon,2023-05-17
Washington,WA,Seattle-Bellevue-Everett,4.742,4.949,5.133,5.165,U.S Dollar,US Gallon,2023-05-17
Washington,WA,Spokane,4.342,4.569,4.766,4.691,U.S Dollar,US Gallon,2023-05-17
Washington,WA,Tacoma,4.623,4.838,5.036,4.996,U.S Dollar,US Gallon,2023-05-17
Washington,WA,Vancouver,4.59,4.788,4.973,4.818,U.S Dollar,US Gallon,2023-05-17
Washington,WA,Walla Walla,4.53,4.835,5.014,5.114,U.S Dollar,US Gallon,2023-05-17
Washington,WA,Wenatchee,4.513,4.687,4.877,4.702,U.S Dollar,US Gallon,2023-05-17
Washington,WA,Yakima,4.362,4.568,4.807,4.79,U.S Dollar,US Gallon,2023-05-17
Wisconsin,WI,Appleton,3.319,3.708,4.236,3.652,U.S Dollar,US Gallon,2023-05-17
Wisconsin,WI,Eau Claire,3.37,3.548,4.104,3.727,U.S Dollar,US Gallon,2023-05-17
Wisconsin,WI,Fond du Lac,3.311,3.671,4.172,3.624,U.S Dollar,US Gallon,2023-05-17
Wisconsin,WI,Green Bay,3.369,3.768,4.296,3.728,U.S Dollar,US Gallon,2023-05-17
Wisconsin,WI,Janesville-Beloit,3.304,3.727,4.165,3.702,U.S Dollar,US Gallon,2023-05-17
Wisconsin,WI,Kenosha County,3.503,3.887,4.345,3.809,U.S Dollar,US Gallon,2023-05-17
Wisconsin,WI,La Crosse (WI only),3.437,3.734,4.366,3.68,U.S Dollar,US Gallon,2023-05-17
Wisconsin,WI,Madison,3.364,3.809,4.218,3.758,U.S Dollar,US Gallon,2023-05-17
Wisconsin,WI,Milwaukee-Waukesha,3.45,3.889,4.314,3.798,U.S Dollar,US Gallon,2023-05-17
Wisconsin,WI,Oshkosh,3.323,3.728,4.214,3.732,U.S Dollar,US Gallon,2023-05-17
Wisconsin,WI,Pierce -St. Croix County,3.46,3.801,4.201,3.795,U.S Dollar,US Gallon,2023-05-17
Wisconsin,WI,Racine,3.48,3.876,4.307,3.768,U.S Dollar,US Gallon,2023-05-17
Wisconsin,WI,Sheboygan,3.331,3.732,4.224,3.683,U.S Dollar,US Gallon,2023-05-17
Wisconsin,WI,Superior,3.404,3.853,4.192,3.95,U.S Dollar,US Gallon,2023-05-17
Wisconsin,WI,Wausau,3.322,3.706,4.143,3.742,U.S Dollar,US Gallon,2023-05-17
West Virginia,WV,Beckley,3.506,3.79,4.106,4.14,U.S Dollar,US Gallon,2023-05-17
West Virginia,WV,Charleston,3.458,3.773,4.113,3.957,U.S Dollar,US Gallon,2023-05-17
West Virginia,WV,Hampshire County,3.535,3.674,4.219,4.216,U.S Dollar,US Gallon,2023-05-17
West Virginia,WV,Huntington,3.429,3.762,4.049,4.093,U.S Dollar,US Gallon,2023-05-17
West Virginia,WV,Jefferson County,3.417,3.805,4.169,4.086,U.S Dollar,US Gallon,2023-05-17
West Virginia,WV,Mineral County,3.389,3.732,3.957,3.549,U.S Dollar,US Gallon,2023-05-17
West Virginia,WV,Morgantown,3.347,3.679,4.017,4.092,U.S Dollar,US Gallon,2023-05-17
West Virginia,WV,Parkersburg-Marietta (WV only),3.3,3.674,3.994,3.908,U.S Dollar,US Gallon,2023-05-17
West Virginia,WV,Steubenville-Weirton (WV only),3.352,3.76,4.136,4.198,U.S Dollar,US Gallon,2023-05-17
West Virginia,WV,"Washington, DC (WV Only)",3.437,3.797,4.128,4.122,U.S Dollar,US Gallon,2023-05-17
West Virginia,WV,Wheeling (WV only),3.302,3.67,4.055,4.076,U.S Dollar,US Gallon,2023-05-17
Wyoming,WY,Casper,3.12,3.387,3.666,3.983,U.S Dollar,US Gallon,2023-05-17
Wyoming,WY,Cheyenne,3.127,3.416,3.656,4.162,U.S Dollar,US Gallon,2023-05-17
